{"name":"Example challenges","id":"4b139e79-e89c-4332-a8a4-8f4d430883cb","children":[{"id":"a3f527b0-2e69-4dc6-9788-99b79bff3aa3","name":"Novo Parsons ","guide":"example.md","py":"example.py","typ":"parsons","tests":[],"additionalFiles":[{"filename":"parsons","visible":true}]},{"id":"539e7bac-6b07-4159-9c8c-ffa9dde109d4","name":"Challenge code","guide":"testcases.md","py":"testcases.py","tests":[{"in":"Joe","out":".*Hello Joe"},{"in":"Alice","out":".*Hello Alice"}]},{"id":"b951b4ca-bc60-4d1e-9657-0fa07aa59b62","name":"Parsons code","guide":"parsons.md","py":"parsons.py","typ":"parsons"},{"id":"f51b28f4-ba16-408b-acea-8d7c24584e85","name":"Parsons Insert","guide":"parsonsinsert.md","py":"parsonsinsert.py","typ":"parsons"},{"id":"4e2b7783-f341-467a-af47-c0a427fe2cea","name":"Advanced Test Cases","guide":"advancedtests.md","py":"advancedtests.py","tests":[{"in":[4,5],"out":[{"pattern":"Enter    a;","ignore":"wcp"},{"pattern":"Enter b:"},{"typ":"+","pattern":"One num was \\d","count":2,"ignore":"w"},{"typ":"-","pattern":"Enter c","ignore":"wcp"},{"pattern":"sum.*9","ignore":"wc"},{"typ":"c+","pattern":"int\\(input\\(","count":"2","ignore":"w"}]}]},{"id":"bbbc51eb-7bc8-4e8a-b333-ac3b2b259b51","name":"Turtle code","guide":"turtle.md","py":"turtle.py","isExample":true,"typ":"canvas","children":[]},{"id":"481d9437-dc10-4d28-a8f4-89dbfe6146ac","name":"Canvas code","guide":"canvas.md","py":"canvas.py","isExample":true,"typ":"canvas","children":[]},{"id":"711b85a8-eb9e-4f4d-9e07-59ce7b68713f","name":"File IO tests","guide":"fileio.md","py":"fileio.py","tests":[{"in":["5"],"out":[{"typ":"f+","pattern":"1\\n3\\n5\\n7\\n9","filename":"numbers.txt"},{"typ":"f-","pattern":"1\\n3\\n5\\n7\\n9\\n11","filename":"numbers.txt"}]}],"additionalFiles":[{"filename":"numbers.txt","visible":false}],"children":[]},{"id":"b24737fd-729d-46a9-873c-12929eee0c12","name":"Turtle auto-tests","guide":"turtleautotest.md","py":"turtleautotest.py","tests":[{"in":[100],"out":[{"typ":"t","filename":"turtletest_sol.py"}]},{"in":[50],"out":[{"typ":"t","filename":"turtletest_sol.py"}]}],"additionalFiles":[{"filename":"turtletest_sol.py","visible":false}]},{"id":"457fa164-cef1-433b-8c2c-49ecd2c8ecee","name":"Statement tests","guide":"statementtest.md","py":"statementtest.py","tests":[{"in":[],"out":[{"typ":"s+","pattern":"21","statement":"getNextMultipleOfSeven(15)"},{"typ":"s-","pattern":"14","statement":"getNextMultipleOfSeven(14)"},{"typ":"s+","pattern":"42","statement":"getNextMultipleOfSeven(41)"}]}]},{"id":"00e69bb7-150e-43dd-b9d5-919c82dc3a14","name":"Building your book","tests":[],"py":"newpage.py","guide":"newpage.md"}]}